Booking_ID,Customer_ID,Bus_ID,Route_ID,Booking_Date,Travel_Date,Seat_Number,Fare_Amount,Booking_Status
1,244,200,303,2025-06-28,2025-07-01,17,550,Pending
2,124,201,309,2025-05-08,2025-05-12,37,820,Confirmed
3,135,206,300,2025-05-05,2025-05-10,37,620,Cancelled
4,238,205,306,2025-01-22,2025-01-23,22,620,Pending
5,190,200,301,2025-03-04,2025-03-06,25,900,Confirmed
6,107,203,304,2025-02-03,2025-02-05,8,820,Confirmed
7,174,210,303,2025-02-27,2025-02-28,16,450,Cancelled
8,167,203,310,2025-06-29,2025-07-01,39,550,Pending
9,300,201,310,2025-04-09,2025-04-13,5,750,Pending
10,210,202,309,2025-03-28,2025-04-02,10,550,Pending
11,209,210,303,2025-02-23,2025-02-25,29,620,Cancelled
12,261,209,307,2025-02-12,2025-02-13,5,750,Cancelled
13,160,207,304,2025-06-07,2025-06-10,37,550,Confirmed
14,203,203,307,2025-05-11,2025-05-14,8,620,Confirmed
15,283,207,302,2025-02-20,2025-02-25,25,750,Cancelled
16,128,210,309,2025-02-07,2025-02-10,24,900,Pending
17,105,205,302,2025-06-06,2025-06-10,26,620,Cancelled
18,161,207,302,2025-01-22,2025-01-24,15,820,Pending
19,280,200,303,2025-04-02,2025-04-07,10,900,Cancelled
20,124,202,310,2025-01-20,2025-01-25,11,900,Pending
21,210,200,301,2025-04-26,2025-04-30,33,750,Confirmed
22,198,202,302,2025-02-06,2025-02-11,29,900,Pending
23,286,202,303,2025-04-05,2025-04-07,30,450,Cancelled
24,186,210,307,2025-01-03,2025-01-04,27,620,Pending
25,300,200,303,2025-05-29,2025-05-30,32,550,Confirmed
26,111,205,302,2025-04-13,2025-04-18,12,900,Confirmed
27,111,210,309,2025-02-24,2025-02-26,33,450,Confirmed
28,236,204,303,2025-01-29,2025-02-02,10,620,Confirmed
29,110,202,302,2025-01-17,2025-01-20,9,550,Cancelled
30,282,210,303,2025-04-13,2025-04-16,21,820,Confirmed
31,117,205,309,2025-01-14,2025-01-18,15,450,Pending
32,201,202,302,2025-05-22,2025-05-25,10,450,Confirmed
33,199,205,308,2025-01-31,2025-02-02,13,900,Cancelled
34,102,208,304,2025-05-21,2025-05-25,36,620,Cancelled
35,114,206,305,2025-01-13,2025-01-14,33,750,Confirmed
36,264,206,309,2025-01-25,2025-01-28,27,450,Cancelled
37,212,210,301,2025-02-08,2025-02-13,21,900,Confirmed
38,246,205,304,2025-04-13,2025-04-14,2,820,Confirmed
39,129,203,301,2025-03-22,2025-03-25,35,620,Pending
40,187,202,305,2025-05-06,2025-05-07,26,820,Confirmed
41,122,201,304,2025-03-30,2025-04-02,24,550,Pending
42,299,201,301,2025-01-25,2025-01-28,9,620,Confirmed
43,210,200,304,2025-02-28,2025-03-04,16,820,Confirmed
44,273,208,305,2025-04-07,2025-04-12,35,900,Confirmed
45,133,205,300,2025-03-20,2025-03-24,23,820,Pending
46,219,203,308,2025-03-20,2025-03-22,2,900,Confirmed
47,164,204,303,2025-04-03,2025-04-04,38,820,Cancelled
48,166,209,304,2025-01-01,2025-01-02,26,900,Pending
49,183,202,309,2025-02-26,2025-02-28,8,900,Confirmed
50,136,201,307,2025-04-24,2025-04-29,10,820,Cancelled
51,133,204,300,2025-03-09,2025-03-14,8,750,Pending
52,244,209,301,2025-06-07,2025-06-12,17,820,Cancelled
53,102,206,300,2025-06-06,2025-06-08,14,820,Pending
54,287,209,301,2025-06-02,2025-06-06,23,450,Pending
55,223,209,306,2025-03-16,2025-03-20,22,620,Confirmed
56,233,205,310,2025-02-01,2025-02-03,3,550,Confirmed
57,292,205,308,2025-05-16,2025-05-17,14,900,Pending
58,278,210,306,2025-04-29,2025-05-03,25,900,Cancelled
59,109,208,309,2025-01-07,2025-01-09,29,820,Pending
60,170,205,309,2025-06-09,2025-06-13,26,450,Confirmed
61,244,207,301,2025-03-22,2025-03-27,4,750,Cancelled
62,281,210,309,2025-05-02,2025-05-05,19,820,Cancelled
63,165,201,303,2025-06-27,2025-06-29,40,900,Confirmed
64,235,210,300,2025-04-18,2025-04-19,9,450,Confirmed
65,212,209,308,2025-03-16,2025-03-20,40,450,Cancelled
66,264,200,303,2025-02-09,2025-02-11,7,900,Pending
67,239,200,305,2025-04-14,2025-04-18,40,550,Cancelled
68,165,200,309,2025-02-02,2025-02-06,11,550,Cancelled
69,218,209,309,2025-05-11,2025-05-13,35,450,Cancelled
70,104,207,304,2025-04-18,2025-04-22,1,450,Cancelled
71,171,206,303,2025-03-02,2025-03-04,40,550,Cancelled
72,101,206,304,2025-03-14,2025-03-17,24,820,Confirmed
73,218,209,300,2025-06-18,2025-06-22,20,550,Confirmed
74,273,208,310,2025-03-03,2025-03-08,25,900,Cancelled
75,252,202,303,2025-05-29,2025-06-02,31,900,Confirmed
76,144,209,304,2025-02-02,2025-02-03,35,550,Pending
77,286,202,308,2025-05-10,2025-05-11,7,620,Confirmed
78,232,204,309,2025-03-02,2025-03-03,24,900,Pending
79,296,205,302,2025-06-08,2025-06-13,39,750,Cancelled
80,178,201,303,2025-01-24,2025-01-26,26,450,Confirmed
81,244,204,307,2025-05-24,2025-05-29,25,620,Cancelled
82,275,206,301,2025-02-16,2025-02-17,3,820,Pending
83,206,202,305,2025-01-14,2025-01-15,16,820,Cancelled
84,262,203,306,2025-05-08,2025-05-13,35,550,Cancelled
85,223,207,303,2025-01-24,2025-01-28,25,750,Cancelled
86,117,203,303,2025-04-13,2025-04-14,16,750,Pending
87,129,202,304,2025-05-16,2025-05-18,13,450,Pending
88,284,210,306,2025-04-01,2025-04-05,29,820,Pending
89,241,209,300,2025-06-25,2025-06-28,25,820,Pending
90,132,205,303,2025-03-01,2025-03-05,20,750,Cancelled
91,178,200,300,2025-01-14,2025-01-17,11,820,Pending
92,129,204,301,2025-06-07,2025-06-09,19,820,Confirmed
93,217,206,303,2025-05-20,2025-05-22,17,450,Cancelled
94,170,201,304,2025-06-28,2025-07-03,27,450,Pending
95,234,206,301,2025-06-26,2025-06-29,6,450,Pending
96,186,202,309,2025-05-12,2025-05-16,31,820,Cancelled
97,200,209,308,2025-06-06,2025-06-09,28,750,Confirmed
98,145,205,302,2025-01-12,2025-01-16,18,550,Confirmed
99,234,208,308,2025-05-25,2025-05-29,9,750,Cancelled
100,169,207,306,2025-02-20,2025-02-24,32,900,Pending
101,287,204,306,2025-01-23,2025-01-27,8,820,Confirmed
102,131,210,300,2025-06-29,2025-06-30,1,620,Cancelled
103,108,201,308,2025-02-08,2025-02-10,34,820,Cancelled
104,168,208,304,2025-03-30,2025-03-31,23,900,Pending
105,251,205,307,2025-06-26,2025-06-27,31,820,Cancelled
106,295,206,308,2025-03-26,2025-03-27,12,450,Cancelled
107,180,210,310,2025-02-16,2025-02-18,31,750,Cancelled
108,140,203,305,2025-05-05,2025-05-10,37,550,Cancelled
109,121,204,310,2025-01-12,2025-01-13,12,450,Cancelled
110,213,205,307,2025-03-21,2025-03-25,11,620,Pending
111,227,206,305,2025-05-10,2025-05-12,27,620,Cancelled
112,189,206,303,2025-04-10,2025-04-15,28,750,Cancelled
113,181,205,308,2025-01-03,2025-01-08,5,820,Cancelled
114,221,202,306,2025-05-18,2025-05-21,30,750,Pending
115,269,205,303,2025-02-25,2025-02-27,14,900,Cancelled
116,220,205,304,2025-06-26,2025-06-30,11,900,Confirmed
117,234,203,304,2025-01-04,2025-01-08,23,450,Confirmed
118,165,202,308,2025-03-05,2025-03-09,10,820,Confirmed
119,153,201,305,2025-01-16,2025-01-21,23,900,Pending
120,130,206,304,2025-03-18,2025-03-23,9,620,Pending
121,231,203,308,2025-04-19,2025-04-23,29,620,Confirmed
122,208,202,303,2025-03-03,2025-03-07,10,550,Confirmed
123,272,200,305,2025-04-10,2025-04-14,31,450,Confirmed
124,224,201,308,2025-04-06,2025-04-08,29,450,Cancelled
125,262,201,302,2025-06-03,2025-06-07,1,820,Pending
126,227,208,307,2025-01-16,2025-01-19,13,550,Confirmed
127,268,207,300,2025-01-24,2025-01-29,25,550,Pending
128,236,204,304,2025-01-06,2025-01-09,35,900,Pending
129,287,206,309,2025-02-05,2025-02-09,3,900,Cancelled
130,237,200,309,2025-04-11,2025-04-14,31,620,Cancelled
131,247,201,304,2025-06-12,2025-06-13,31,900,Cancelled
132,214,209,308,2025-05-07,2025-05-12,4,550,Cancelled
133,243,208,308,2025-01-02,2025-01-05,22,750,Confirmed
134,108,204,306,2025-04-02,2025-04-06,16,750,Cancelled
135,107,205,305,2025-04-05,2025-04-08,7,900,Cancelled
136,176,206,304,2025-05-20,2025-05-22,22,820,Cancelled
137,150,200,300,2025-04-03,2025-04-07,1,900,Pending
138,143,201,301,2025-02-26,2025-02-28,27,550,Cancelled
139,299,209,303,2025-01-23,2025-01-26,7,550,Cancelled
140,213,209,310,2025-02-24,2025-02-27,7,750,Cancelled
141,198,209,308,2025-01-22,2025-01-24,1,750,Confirmed
142,251,204,306,2025-04-16,2025-04-20,18,620,Cancelled
143,298,210,308,2025-03-22,2025-03-23,22,450,Confirmed
144,247,205,303,2025-06-22,2025-06-24,6,550,Confirmed
145,164,204,307,2025-02-10,2025-02-14,31,550,Cancelled
146,218,206,303,2025-01-21,2025-01-22,36,550,Pending
147,134,200,309,2025-01-03,2025-01-08,34,450,Pending
148,174,205,301,2025-04-08,2025-04-12,31,450,Confirmed
149,123,210,306,2025-01-14,2025-01-19,15,900,Pending
150,154,210,309,2025-02-25,2025-03-02,5,820,Pending
151,161,209,310,2025-04-25,2025-04-30,3,750,Cancelled
152,210,206,301,2025-05-22,2025-05-27,21,820,Pending
153,132,203,304,2025-01-29,2025-02-02,37,450,Pending
154,122,209,305,2025-01-31,2025-02-05,5,750,Confirmed
155,173,210,305,2025-06-21,2025-06-23,12,620,Pending
156,259,202,308,2025-01-03,2025-01-07,21,820,Confirmed
157,263,204,301,2025-06-05,2025-06-09,4,620,Confirmed
158,131,205,308,2025-03-16,2025-03-21,10,450,Pending
159,138,205,304,2025-03-31,2025-04-05,12,450,Confirmed
160,189,206,307,2025-02-28,2025-03-05,38,450,Confirmed
161,192,207,306,2025-02-10,2025-02-15,1,820,Cancelled
162,287,201,301,2025-01-09,2025-01-12,20,820,Cancelled
163,188,201,306,2025-01-07,2025-01-09,15,820,Confirmed
164,236,209,308,2025-04-26,2025-04-29,8,820,Cancelled
165,268,205,309,2025-06-19,2025-06-20,25,450,Confirmed
166,146,204,306,2025-05-02,2025-05-04,8,620,Confirmed
167,153,203,303,2025-04-26,2025-05-01,2,620,Confirmed
168,242,205,302,2025-06-13,2025-06-18,29,550,Cancelled
169,173,200,302,2025-06-17,2025-06-20,38,550,Confirmed
170,106,203,305,2025-01-06,2025-01-11,10,450,Cancelled
171,289,206,308,2025-06-07,2025-06-09,28,620,Pending
172,248,209,304,2025-06-17,2025-06-20,20,820,Cancelled
173,282,203,302,2025-05-20,2025-05-23,39,550,Cancelled
174,102,203,307,2025-06-18,2025-06-19,7,900,Pending
175,129,203,308,2025-01-20,2025-01-22,29,550,Confirmed
176,125,202,304,2025-05-10,2025-05-13,37,450,Cancelled
177,195,207,307,2025-01-20,2025-01-24,17,750,Confirmed
178,279,201,306,2025-05-27,2025-06-01,16,820,Confirmed
179,175,201,300,2025-05-22,2025-05-27,17,750,Cancelled
180,159,200,301,2025-05-17,2025-05-19,39,450,Confirmed
181,180,207,310,2025-01-08,2025-01-12,36,550,Cancelled
182,219,210,305,2025-02-18,2025-02-19,17,620,Pending
183,296,201,309,2025-03-06,2025-03-07,15,620,Confirmed
184,273,201,305,2025-04-03,2025-04-08,19,550,Confirmed
185,146,203,300,2025-06-04,2025-06-08,18,820,Cancelled
186,277,203,302,2025-01-10,2025-01-15,24,820,Cancelled
187,226,208,300,2025-06-08,2025-06-13,36,820,Pending
188,113,200,306,2025-05-16,2025-05-17,16,750,Cancelled
189,184,206,309,2025-05-04,2025-05-05,33,900,Pending
190,232,200,301,2025-06-05,2025-06-08,4,900,Pending
191,228,206,303,2025-03-24,2025-03-26,31,550,Confirmed
192,286,208,310,2025-05-19,2025-05-21,23,820,Pending
193,189,210,303,2025-04-07,2025-04-12,25,450,Cancelled
194,275,207,301,2025-04-25,2025-04-27,16,620,Cancelled
195,172,206,305,2025-05-09,2025-05-11,35,820,Confirmed
196,155,203,307,2025-03-02,2025-03-04,16,820,Confirmed
197,230,204,303,2025-01-05,2025-01-07,28,750,Pending
198,136,210,300,2025-01-22,2025-01-27,21,450,Cancelled
199,243,209,307,2025-03-18,2025-03-23,17,820,Confirmed
200,288,210,301,2025-06-30,2025-07-02,14,900,Pending
201,178,205,304,2025-03-18,2025-03-20,17,550,Pending
202,196,200,301,2025-04-23,2025-04-25,3,820,Cancelled
203,210,209,301,2025-02-18,2025-02-22,20,620,Pending
204,145,200,306,2025-03-29,2025-04-02,32,900,Confirmed
205,294,200,309,2025-03-20,2025-03-21,25,750,Cancelled
206,266,208,310,2025-03-23,2025-03-25,12,750,Cancelled
207,291,202,307,2025-03-24,2025-03-29,32,550,Pending
208,210,201,303,2025-02-10,2025-02-14,30,900,Pending
209,215,210,309,2025-06-17,2025-06-22,29,620,Confirmed
210,125,207,302,2025-02-22,2025-02-26,11,820,Cancelled
211,118,206,307,2025-06-17,2025-06-21,34,620,Pending
212,120,206,309,2025-02-15,2025-02-18,14,820,Pending
213,246,209,304,2025-01-30,2025-02-04,40,620,Cancelled
214,175,205,307,2025-04-06,2025-04-10,40,620,Confirmed
215,135,209,303,2025-04-11,2025-04-13,33,450,Pending
216,243,209,305,2025-02-10,2025-02-13,32,550,Confirmed
217,285,207,308,2025-01-19,2025-01-23,39,620,Confirmed
218,204,210,301,2025-05-13,2025-05-18,4,820,Confirmed
219,220,209,300,2025-06-28,2025-07-03,37,750,Confirmed
220,282,204,310,2025-01-10,2025-01-15,23,750,Pending
221,258,200,306,2025-06-02,2025-06-05,15,900,Cancelled
222,282,200,307,2025-04-11,2025-04-13,1,620,Cancelled
223,221,209,308,2025-04-26,2025-05-01,10,550,Cancelled
224,209,207,309,2025-04-09,2025-04-14,18,620,Cancelled
225,193,204,300,2025-02-28,2025-03-02,30,450,Cancelled
226,168,209,308,2025-05-01,2025-05-02,39,750,Cancelled
227,228,208,308,2025-06-03,2025-06-06,36,620,Pending
228,247,200,308,2025-03-21,2025-03-23,39,550,Pending
229,177,205,309,2025-02-11,2025-02-13,6,450,Confirmed
230,146,202,302,2025-05-22,2025-05-24,33,550,Pending
231,241,205,304,2025-04-23,2025-04-24,7,900,Confirmed
232,228,208,307,2025-05-15,2025-05-20,20,820,Pending
233,299,210,300,2025-05-03,2025-05-06,9,900,Pending
234,197,200,301,2025-04-11,2025-04-13,32,550,Pending
235,292,203,303,2025-06-16,2025-06-18,3,820,Cancelled
236,251,204,308,2025-06-03,2025-06-07,13,750,Pending
237,170,204,309,2025-01-26,2025-01-29,14,900,Cancelled
238,274,200,300,2025-04-17,2025-04-19,17,900,Confirmed
239,274,203,309,2025-06-11,2025-06-13,24,550,Confirmed
240,134,207,300,2025-04-04,2025-04-07,32,620,Confirmed
241,150,202,310,2025-04-06,2025-04-09,24,550,Confirmed
242,104,201,303,2025-05-05,2025-05-09,26,620,Confirmed
243,230,210,309,2025-04-01,2025-04-06,18,750,Pending
244,272,210,304,2025-03-14,2025-03-17,12,620,Pending
245,230,210,304,2025-04-30,2025-05-03,15,550,Confirmed
246,174,202,303,2025-06-22,2025-06-27,33,820,Cancelled
247,140,209,303,2025-02-04,2025-02-09,12,450,Confirmed
248,228,207,301,2025-04-26,2025-04-29,21,750,Cancelled
249,212,210,306,2025-06-14,2025-06-19,8,550,Pending
250,100,208,301,2025-02-03,2025-02-08,1,900,Pending
251,154,207,305,2025-04-14,2025-04-16,31,750,Pending
252,198,200,305,2025-03-16,2025-03-17,7,820,Confirmed
253,218,207,304,2025-03-18,2025-03-21,23,450,Pending
254,254,206,300,2025-02-02,2025-02-05,17,900,Pending
255,248,203,300,2025-03-14,2025-03-15,34,820,Pending
256,174,207,310,2025-03-10,2025-03-15,3,750,Cancelled
257,104,202,307,2025-03-17,2025-03-21,19,450,Confirmed
258,163,201,308,2025-03-23,2025-03-28,17,450,Pending
259,212,202,301,2025-01-19,2025-01-23,27,820,Confirmed
260,178,205,308,2025-05-31,2025-06-02,37,900,Cancelled
261,172,208,308,2025-04-28,2025-05-01,21,450,Pending
262,243,204,309,2025-05-21,2025-05-23,25,820,Cancelled
263,240,207,304,2025-03-23,2025-03-27,15,820,Cancelled
264,143,205,304,2025-06-30,2025-07-02,14,820,Confirmed
265,262,204,306,2025-01-29,2025-01-30,10,750,Cancelled
266,101,205,306,2025-02-05,2025-02-07,27,620,Confirmed
267,256,209,307,2025-04-30,2025-05-01,19,550,Confirmed
268,154,204,301,2025-02-01,2025-02-06,22,450,Confirmed
269,168,209,308,2025-03-14,2025-03-17,9,550,Confirmed
270,256,200,302,2025-01-19,2025-01-24,11,550,Cancelled
271,132,201,305,2025-02-11,2025-02-15,23,900,Cancelled
272,208,208,305,2025-05-02,2025-05-04,16,620,Pending
273,122,205,305,2025-06-23,2025-06-28,14,820,Cancelled
274,121,205,306,2025-05-22,2025-05-24,28,750,Cancelled
275,192,207,306,2025-03-26,2025-03-28,7,900,Pending
276,165,203,303,2025-04-18,2025-04-19,21,550,Cancelled
277,245,210,303,2025-04-07,2025-04-09,32,750,Pending
278,107,200,309,2025-02-04,2025-02-07,22,450,Cancelled
279,257,210,303,2025-06-26,2025-07-01,35,620,Pending
280,124,204,300,2025-05-16,2025-05-20,15,620,Cancelled
281,159,205,303,2025-03-01,2025-03-06,26,620,Confirmed
282,150,200,307,2025-02-17,2025-02-21,15,620,Cancelled
283,207,206,310,2025-01-25,2025-01-26,40,450,Confirmed
284,233,200,308,2025-01-12,2025-01-14,2,900,Confirmed
285,135,204,310,2025-03-03,2025-03-08,21,820,Cancelled
286,167,202,300,2025-04-28,2025-04-29,7,820,Cancelled
287,237,209,310,2025-05-17,2025-05-22,11,820,Pending
288,227,210,310,2025-01-21,2025-01-26,34,820,Cancelled
289,139,203,302,2025-02-03,2025-02-05,34,550,Pending
290,103,202,309,2025-03-16,2025-03-21,35,900,Pending
291,261,207,301,2025-06-17,2025-06-18,25,550,Cancelled
292,181,204,305,2025-06-24,2025-06-27,17,450,Confirmed
293,258,201,304,2025-01-20,2025-01-22,28,750,Confirmed
294,197,207,308,2025-03-04,2025-03-09,25,450,Cancelled
295,281,204,302,2025-04-20,2025-04-24,5,620,Pending
296,261,207,301,2025-03-20,2025-03-22,34,820,Cancelled
297,280,200,303,2025-05-06,2025-05-11,25,450,Pending
298,135,204,307,2025-04-29,2025-04-30,40,620,Pending
299,260,204,306,2025-05-30,2025-06-01,35,820,Pending
300,236,203,303,2025-01-26,2025-01-28,9,550,Pending
301,109,207,307,2025-06-16,2025-06-17,33,900,Pending
302,266,205,304,2025-06-03,2025-06-04,25,820,Cancelled
303,188,207,301,2025-04-03,2025-04-07,2,550,Cancelled
304,152,202,300,2025-02-16,2025-02-20,13,550,Cancelled
305,247,200,300,2025-02-16,2025-02-21,25,620,Confirmed
306,298,203,305,2025-03-09,2025-03-11,8,750,Cancelled
307,175,206,309,2025-06-03,2025-06-06,9,550,Cancelled
308,297,202,300,2025-04-18,2025-04-23,3,550,Pending
309,158,200,301,2025-02-08,2025-02-13,6,750,Cancelled
310,277,210,304,2025-01-16,2025-01-17,33,750,Confirmed
311,276,201,300,2025-05-21,2025-05-23,14,620,Confirmed
312,234,209,302,2025-06-16,2025-06-21,4,900,Confirmed
313,123,203,301,2025-04-27,2025-04-29,23,750,Cancelled
314,224,200,301,2025-01-21,2025-01-25,11,450,Confirmed
315,160,205,308,2025-04-10,2025-04-12,13,750,Cancelled
316,162,204,310,2025-01-08,2025-01-09,22,820,Confirmed
317,115,210,301,2025-05-08,2025-05-09,24,620,Cancelled
318,106,204,300,2025-05-29,2025-06-02,26,820,Confirmed
319,296,203,308,2025-05-08,2025-05-10,22,620,Confirmed
320,292,210,308,2025-03-23,2025-03-26,29,550,Cancelled
321,224,209,304,2025-03-19,2025-03-24,13,550,Pending
322,117,208,303,2025-03-27,2025-03-31,35,900,Cancelled
323,224,209,303,2025-01-05,2025-01-10,15,550,Pending
324,190,208,300,2025-04-03,2025-04-04,8,900,Cancelled
325,297,210,302,2025-05-12,2025-05-17,7,900,Cancelled
326,120,209,305,2025-03-01,2025-03-06,22,820,Confirmed
327,272,209,309,2025-06-16,2025-06-20,27,750,Confirmed
328,213,200,305,2025-06-11,2025-06-15,23,900,Pending
329,142,209,305,2025-06-13,2025-06-18,24,820,Pending
330,281,205,310,2025-05-19,2025-05-24,27,450,Confirmed
331,148,203,308,2025-02-05,2025-02-10,3,820,Confirmed
332,186,201,300,2025-02-01,2025-02-04,20,820,Pending
333,235,202,300,2025-01-07,2025-01-08,9,450,Confirmed
334,227,207,308,2025-04-06,2025-04-11,40,820,Pending
335,165,203,309,2025-04-25,2025-04-28,18,900,Confirmed
336,110,209,303,2025-04-08,2025-04-10,32,820,Cancelled
337,139,203,302,2025-01-11,2025-01-15,9,750,Cancelled
338,263,207,305,2025-02-08,2025-02-10,34,750,Confirmed
339,112,209,305,2025-02-13,2025-02-16,7,550,Cancelled
340,200,208,301,2025-06-23,2025-06-24,28,620,Confirmed
341,275,201,305,2025-03-16,2025-03-21,11,450,Cancelled
342,299,205,301,2025-02-26,2025-03-03,34,750,Pending
343,100,200,303,2025-06-14,2025-06-15,32,820,Confirmed
344,262,209,301,2025-02-11,2025-02-12,3,550,Pending
345,290,206,309,2025-06-20,2025-06-21,2,750,Pending
346,145,205,310,2025-01-06,2025-01-11,2,450,Pending
347,222,202,307,2025-06-11,2025-06-14,16,900,Pending
348,188,203,307,2025-04-27,2025-05-02,24,900,Confirmed
349,264,208,309,2025-01-23,2025-01-28,25,820,Confirmed
350,230,205,302,2025-01-10,2025-01-14,4,550,Pending
351,223,203,309,2025-02-12,2025-02-14,25,820,Confirmed
352,254,201,307,2025-06-29,2025-07-04,12,750,Cancelled
353,217,207,303,2025-04-22,2025-04-27,4,620,Cancelled
354,296,201,300,2025-05-27,2025-05-31,26,450,Cancelled
355,267,204,306,2025-01-31,2025-02-01,21,550,Cancelled
356,155,202,301,2025-06-29,2025-07-01,32,900,Pending
357,163,206,310,2025-06-23,2025-06-28,40,550,Pending
358,114,209,310,2025-03-21,2025-03-25,14,900,Confirmed
359,204,204,300,2025-02-12,2025-02-17,10,750,Pending
360,221,203,301,2025-01-13,2025-01-16,12,450,Confirmed
361,129,203,308,2025-02-26,2025-02-28,31,750,Cancelled
362,282,209,310,2025-01-30,2025-02-04,1,620,Cancelled
363,151,203,304,2025-04-25,2025-04-30,19,900,Pending
364,153,205,301,2025-05-23,2025-05-26,30,900,Pending
365,241,202,300,2025-02-17,2025-02-21,14,900,Cancelled
366,206,207,308,2025-04-18,2025-04-21,39,620,Cancelled
367,144,208,307,2025-04-08,2025-04-13,22,750,Confirmed
368,253,209,301,2025-04-22,2025-04-23,33,820,Cancelled
369,271,202,303,2025-05-06,2025-05-07,1,620,Cancelled
370,153,203,307,2025-05-26,2025-05-27,31,900,Cancelled
371,196,205,303,2025-03-02,2025-03-07,6,620,Pending
372,164,203,310,2025-01-06,2025-01-11,6,550,Cancelled
373,238,205,300,2025-03-20,2025-03-25,35,620,Confirmed
374,282,209,304,2025-01-29,2025-01-30,40,620,Cancelled
375,198,205,304,2025-01-19,2025-01-23,31,900,Pending
376,269,206,309,2025-05-13,2025-05-15,29,820,Cancelled
377,282,207,305,2025-05-16,2025-05-20,12,900,Pending
378,209,207,302,2025-02-03,2025-02-04,34,820,Cancelled
379,197,210,306,2025-01-16,2025-01-20,14,620,Confirmed
380,221,203,305,2025-03-08,2025-03-12,26,900,Confirmed
381,255,202,307,2025-03-08,2025-03-10,30,820,Confirmed
382,146,202,307,2025-03-04,2025-03-07,1,900,Confirmed
383,285,206,304,2025-03-14,2025-03-17,6,900,Confirmed
384,137,209,310,2025-01-27,2025-02-01,19,820,Cancelled
385,299,202,305,2025-05-13,2025-05-18,30,820,Confirmed
386,204,201,304,2025-05-12,2025-05-17,29,450,Confirmed
387,202,200,303,2025-06-07,2025-06-10,25,900,Confirmed
388,246,203,308,2025-04-19,2025-04-20,31,820,Confirmed
389,131,204,310,2025-02-08,2025-02-12,13,820,Cancelled
390,294,205,304,2025-01-17,2025-01-18,3,750,Confirmed
391,130,200,306,2025-01-05,2025-01-06,2,900,Pending
392,291,206,305,2025-04-06,2025-04-11,7,900,Confirmed
393,208,201,308,2025-04-07,2025-04-11,15,900,Confirmed
394,248,202,308,2025-04-12,2025-04-13,38,820,Confirmed
395,270,208,310,2025-02-23,2025-02-24,7,550,Cancelled
396,250,208,304,2025-05-09,2025-05-11,38,450,Cancelled
397,225,206,305,2025-04-20,2025-04-21,28,550,Confirmed
398,199,209,309,2025-03-07,2025-03-10,2,900,Confirmed
399,108,205,302,2025-01-25,2025-01-27,3,900,Cancelled
400,182,206,310,2025-03-23,2025-03-25,19,900,Confirmed
401,194,203,309,2025-05-05,2025-05-10,13,620,Pending
402,276,209,303,2025-03-28,2025-03-29,12,620,Pending
403,138,204,302,2025-04-12,2025-04-15,26,550,Confirmed
404,194,202,307,2025-01-02,2025-01-04,37,750,Cancelled
405,130,204,306,2025-01-09,2025-01-10,15,550,Cancelled
406,265,202,309,2025-01-09,2025-01-14,23,550,Cancelled
407,233,207,307,2025-03-16,2025-03-19,5,450,Pending
408,153,205,307,2025-03-25,2025-03-29,9,900,Pending
409,264,207,302,2025-04-16,2025-04-20,4,620,Pending
410,146,203,309,2025-05-31,2025-06-03,18,820,Confirmed
411,216,202,304,2025-05-08,2025-05-13,14,620,Pending
412,181,202,305,2025-06-21,2025-06-22,16,550,Cancelled
413,278,202,308,2025-01-26,2025-01-28,18,620,Cancelled
414,117,203,307,2025-05-23,2025-05-28,27,820,Cancelled
415,255,204,310,2025-06-09,2025-06-13,6,550,Pending
416,256,200,305,2025-06-15,2025-06-17,21,550,Confirmed
417,135,206,303,2025-05-22,2025-05-23,14,550,Cancelled
418,268,200,303,2025-03-16,2025-03-19,25,550,Confirmed
419,271,206,302,2025-02-23,2025-02-26,7,750,Cancelled
420,142,210,305,2025-05-23,2025-05-28,1,750,Cancelled
421,162,209,309,2025-03-04,2025-03-08,10,900,Pending
422,119,208,302,2025-01-15,2025-01-16,14,550,Pending
423,129,200,304,2025-01-31,2025-02-01,6,750,Confirmed
424,196,203,303,2025-01-25,2025-01-26,12,900,Confirmed
425,230,202,308,2025-01-24,2025-01-27,40,750,Confirmed
426,255,204,307,2025-02-13,2025-02-17,15,550,Cancelled
427,196,208,306,2025-05-25,2025-05-28,34,450,Cancelled
428,216,200,307,2025-06-01,2025-06-02,16,750,Pending
429,209,210,302,2025-03-20,2025-03-21,37,550,Confirmed
430,112,202,306,2025-05-12,2025-05-15,26,450,Confirmed
431,104,207,305,2025-06-02,2025-06-03,33,820,Pending
432,211,207,306,2025-06-07,2025-06-10,32,900,Pending
433,276,200,305,2025-05-04,2025-05-06,31,550,Confirmed
434,176,203,306,2025-01-21,2025-01-24,9,450,Cancelled
435,127,203,303,2025-03-04,2025-03-05,8,820,Confirmed
436,165,203,301,2025-03-24,2025-03-26,7,620,Cancelled
437,216,209,303,2025-04-15,2025-04-17,19,900,Cancelled
438,127,201,307,2025-01-18,2025-01-21,3,750,Pending
439,140,209,307,2025-05-05,2025-05-08,36,750,Pending
440,211,200,309,2025-05-30,2025-05-31,5,450,Confirmed
441,243,209,305,2025-02-07,2025-02-11,18,620,Pending
442,271,202,302,2025-04-07,2025-04-11,36,550,Pending
443,267,208,306,2025-05-15,2025-05-16,27,900,Confirmed
444,241,202,301,2025-02-16,2025-02-20,35,450,Confirmed
445,144,202,307,2025-02-20,2025-02-23,40,820,Cancelled
446,190,200,300,2025-02-27,2025-03-02,7,450,Cancelled
447,145,206,306,2025-03-16,2025-03-20,31,820,Confirmed
448,122,204,302,2025-03-04,2025-03-06,15,620,Confirmed
449,116,203,304,2025-05-01,2025-05-02,34,450,Confirmed
450,137,201,307,2025-02-09,2025-02-13,24,750,Pending
451,102,202,302,2025-01-25,2025-01-29,20,450,Pending
452,207,208,303,2025-05-16,2025-05-19,23,750,Cancelled
453,137,203,304,2025-01-24,2025-01-28,12,450,Pending
454,282,208,309,2025-03-07,2025-03-10,20,550,Cancelled
455,170,202,304,2025-05-05,2025-05-06,27,900,Cancelled
456,100,203,308,2025-04-06,2025-04-08,10,900,Confirmed
457,185,207,300,2025-02-27,2025-02-28,22,900,Cancelled
458,113,206,305,2025-03-22,2025-03-26,22,750,Cancelled
459,261,204,309,2025-06-26,2025-06-27,1,450,Cancelled
460,131,207,301,2025-05-11,2025-05-14,22,450,Cancelled
461,279,210,305,2025-04-24,2025-04-27,21,820,Confirmed
462,238,202,309,2025-04-07,2025-04-12,12,900,Pending
463,106,204,307,2025-01-01,2025-01-06,29,550,Cancelled
464,239,203,304,2025-03-01,2025-03-03,15,550,Pending
465,296,209,300,2025-01-30,2025-02-04,40,550,Confirmed
466,216,205,310,2025-01-04,2025-01-05,35,620,Pending
467,292,203,307,2025-06-16,2025-06-18,22,900,Confirmed
468,267,209,308,2025-04-25,2025-04-28,11,550,Cancelled
469,177,208,305,2025-05-20,2025-05-22,20,620,Pending
470,297,201,300,2025-04-22,2025-04-24,29,620,Confirmed
471,206,209,302,2025-02-17,2025-02-20,19,550,Pending
472,206,202,308,2025-05-20,2025-05-21,1,550,Confirmed
473,203,209,305,2025-05-19,2025-05-23,24,750,Confirmed
474,113,209,305,2025-01-16,2025-01-17,31,750,Pending
475,266,207,308,2025-03-10,2025-03-14,35,750,Pending
476,270,202,301,2025-04-20,2025-04-23,39,900,Cancelled
477,186,202,308,2025-02-11,2025-02-14,30,550,Pending
478,157,202,309,2025-04-23,2025-04-25,39,450,Confirmed
479,295,207,304,2025-06-07,2025-06-11,27,820,Cancelled
480,225,209,306,2025-02-06,2025-02-09,37,450,Cancelled
481,300,209,306,2025-04-04,2025-04-06,34,820,Cancelled
482,199,207,303,2025-05-07,2025-05-12,25,750,Confirmed
483,200,207,302,2025-03-17,2025-03-22,1,450,Confirmed
484,247,203,308,2025-04-17,2025-04-18,36,620,Cancelled
485,184,210,305,2025-05-28,2025-06-01,19,550,Pending
486,290,203,306,2025-02-18,2025-02-23,13,450,Confirmed
487,164,201,307,2025-06-21,2025-06-23,16,550,Pending
488,291,208,300,2025-01-12,2025-01-14,22,900,Confirmed
489,140,209,306,2025-06-18,2025-06-20,9,550,Cancelled
490,108,202,302,2025-02-18,2025-02-23,24,550,Confirmed
491,182,200,306,2025-02-27,2025-03-01,13,900,Confirmed
492,197,202,306,2025-03-22,2025-03-27,15,550,Pending
493,239,209,308,2025-02-08,2025-02-12,33,820,Pending
494,119,207,306,2025-05-21,2025-05-24,26,450,Cancelled
495,213,207,303,2025-04-15,2025-04-18,21,750,Pending
496,161,202,310,2025-06-09,2025-06-14,6,900,Pending
497,129,202,309,2025-02-11,2025-02-12,5,550,Pending
498,121,205,303,2025-01-14,2025-01-19,22,820,Pending
499,273,206,303,2025-06-06,2025-06-11,33,620,Pending
500,290,200,304,2025-06-02,2025-06-04,34,900,Cancelled
501,162,203,306,2025-01-24,2025-01-26,17,750,Pending
502,231,209,304,2025-02-17,2025-02-18,21,750,Confirmed
503,207,202,302,2025-01-24,2025-01-25,12,900,Pending
504,196,201,305,2025-03-18,2025-03-22,10,750,Confirmed
505,158,208,304,2025-02-09,2025-02-12,39,820,Pending
506,238,207,303,2025-04-30,2025-05-04,20,620,Confirmed
507,267,207,303,2025-02-12,2025-02-17,16,900,Cancelled
508,103,207,305,2025-05-29,2025-06-02,15,750,Cancelled
509,165,208,301,2025-01-01,2025-01-04,31,900,Pending
510,251,207,302,2025-03-25,2025-03-26,11,750,Cancelled
511,276,210,300,2025-06-28,2025-07-03,7,620,Pending
512,237,208,310,2025-05-02,2025-05-05,33,620,Confirmed
513,140,203,308,2025-02-08,2025-02-10,11,820,Confirmed
514,104,204,307,2025-01-27,2025-02-01,32,900,Cancelled
515,299,200,303,2025-02-16,2025-02-20,14,750,Pending
516,133,202,310,2025-03-08,2025-03-10,22,750,Pending
517,106,209,303,2025-02-05,2025-02-06,28,900,Cancelled
518,238,200,306,2025-03-31,2025-04-04,33,620,Cancelled
519,275,203,308,2025-02-25,2025-02-27,24,450,Confirmed
520,177,208,309,2025-06-14,2025-06-19,17,620,Pending
521,248,207,303,2025-05-13,2025-05-15,33,900,Pending
522,248,209,300,2025-05-23,2025-05-25,2,620,Pending
523,284,202,309,2025-05-03,2025-05-05,14,450,Cancelled
524,135,209,301,2025-05-27,2025-05-30,29,450,Pending
525,184,207,306,2025-03-14,2025-03-18,35,750,Pending
526,112,210,301,2025-04-05,2025-04-08,33,450,Confirmed
527,300,204,307,2025-06-15,2025-06-18,25,750,Pending
528,125,205,301,2025-01-16,2025-01-20,5,450,Cancelled
529,118,204,309,2025-01-01,2025-01-05,6,820,Confirmed
530,100,202,308,2025-04-26,2025-04-28,30,900,Pending
531,116,205,303,2025-03-27,2025-03-31,7,550,Pending
532,275,205,302,2025-06-15,2025-06-20,36,620,Cancelled
533,186,208,300,2025-03-13,2025-03-16,8,820,Confirmed
534,163,200,300,2025-01-24,2025-01-29,5,750,Pending
535,220,208,301,2025-06-29,2025-07-04,20,550,Pending
536,132,203,308,2025-01-23,2025-01-28,30,550,Cancelled
537,158,209,307,2025-01-21,2025-01-22,26,450,Cancelled
538,274,210,310,2025-06-20,2025-06-22,37,750,Pending
539,118,210,302,2025-02-22,2025-02-26,1,550,Cancelled
540,283,205,300,2025-04-17,2025-04-21,28,820,Pending
541,154,210,305,2025-01-31,2025-02-01,22,450,Pending
542,158,200,304,2025-05-09,2025-05-10,11,450,Confirmed
543,183,202,301,2025-03-09,2025-03-10,25,450,Confirmed
544,118,201,309,2025-04-12,2025-04-17,23,550,Confirmed
545,172,204,304,2025-03-07,2025-03-09,7,820,Cancelled
546,289,208,302,2025-06-14,2025-06-19,28,820,Confirmed
547,194,202,310,2025-01-31,2025-02-02,19,900,Cancelled
548,227,208,310,2025-04-23,2025-04-25,31,750,Pending
549,251,206,303,2025-04-01,2025-04-04,11,820,Confirmed
550,191,203,310,2025-06-07,2025-06-10,38,620,Confirmed
551,206,204,309,2025-03-27,2025-03-31,22,550,Pending
552,294,200,310,2025-01-25,2025-01-29,29,550,Pending
553,192,200,303,2025-03-10,2025-03-11,39,900,Confirmed
554,140,206,305,2025-05-09,2025-05-13,15,820,Cancelled
555,172,209,302,2025-04-20,2025-04-23,3,820,Cancelled
556,164,207,301,2025-05-19,2025-05-23,23,900,Confirmed
557,142,202,303,2025-06-09,2025-06-12,22,450,Pending
558,220,207,302,2025-01-09,2025-01-11,9,750,Confirmed
559,157,201,301,2025-06-15,2025-06-16,4,820,Cancelled
560,259,209,302,2025-01-11,2025-01-14,8,620,Cancelled
561,250,207,309,2025-06-16,2025-06-20,37,450,Confirmed
562,199,206,301,2025-01-14,2025-01-15,16,450,Confirmed
563,255,210,307,2025-06-22,2025-06-23,17,750,Cancelled
564,234,204,306,2025-02-14,2025-02-19,8,550,Pending
565,118,204,302,2025-02-15,2025-02-18,24,550,Confirmed
566,160,202,306,2025-02-20,2025-02-25,5,550,Cancelled
567,110,209,300,2025-04-04,2025-04-06,35,750,Cancelled
568,273,202,303,2025-01-18,2025-01-21,19,900,Pending
569,216,207,302,2025-01-19,2025-01-23,25,820,Pending
570,104,204,303,2025-06-27,2025-06-29,27,820,Confirmed
571,248,200,302,2025-05-12,2025-05-14,22,450,Pending
572,179,205,304,2025-06-30,2025-07-01,7,550,Cancelled
573,136,208,310,2025-03-03,2025-03-04,19,620,Pending
574,104,207,302,2025-03-16,2025-03-17,25,820,Pending
575,298,200,303,2025-03-07,2025-03-11,16,450,Pending
576,279,209,310,2025-03-01,2025-03-06,8,820,Cancelled
577,150,202,308,2025-05-20,2025-05-21,35,450,Pending
578,132,208,300,2025-05-08,2025-05-13,3,450,Cancelled
579,213,207,308,2025-05-07,2025-05-09,16,450,Pending
580,117,200,310,2025-05-03,2025-05-05,1,620,Cancelled
581,267,201,306,2025-02-28,2025-03-01,15,620,Cancelled
582,154,204,310,2025-01-18,2025-01-23,2,750,Pending
583,197,207,304,2025-01-06,2025-01-07,3,620,Pending
584,223,200,301,2025-03-01,2025-03-05,39,450,Cancelled
585,116,201,309,2025-03-25,2025-03-26,8,620,Confirmed
586,102,210,308,2025-04-30,2025-05-02,40,450,Confirmed
587,245,200,302,2025-04-16,2025-04-19,22,550,Cancelled
588,262,210,300,2025-02-28,2025-03-02,18,620,Confirmed
589,239,202,302,2025-01-28,2025-01-31,13,620,Pending
590,134,203,304,2025-03-25,2025-03-27,5,550,Confirmed
591,272,201,302,2025-04-24,2025-04-28,33,450,Cancelled
592,200,202,304,2025-04-29,2025-05-01,35,450,Cancelled
593,209,207,306,2025-03-10,2025-03-11,26,620,Confirmed
594,266,210,304,2025-03-16,2025-03-18,16,820,Confirmed
595,133,203,309,2025-04-20,2025-04-25,12,750,Cancelled
596,260,202,309,2025-06-07,2025-06-11,1,450,Cancelled
597,280,203,308,2025-04-02,2025-04-07,20,820,Pending
598,151,209,305,2025-04-25,2025-04-27,12,450,Confirmed
599,286,207,307,2025-01-13,2025-01-15,23,550,Pending
600,176,202,308,2025-05-21,2025-05-26,36,550,Confirmed
601,147,200,303,2025-06-13,2025-06-17,40,750,Pending
602,272,209,307,2025-04-06,2025-04-09,10,820,Pending
603,277,208,306,2025-06-17,2025-06-19,25,900,Confirmed
604,235,207,305,2025-05-21,2025-05-26,7,450,Cancelled
605,293,209,302,2025-03-01,2025-03-02,9,750,Confirmed
606,194,207,307,2025-01-29,2025-01-30,28,620,Pending
607,268,209,305,2025-06-10,2025-06-15,20,620,Cancelled
608,271,204,306,2025-06-22,2025-06-23,2,620,Pending
609,267,206,302,2025-01-18,2025-01-20,6,550,Confirmed
610,276,204,300,2025-01-10,2025-01-12,12,820,Cancelled
611,178,207,301,2025-01-03,2025-01-06,11,450,Confirmed
612,191,209,306,2025-05-23,2025-05-26,1,820,Cancelled
613,258,207,302,2025-04-25,2025-04-29,11,900,Confirmed
614,225,201,301,2025-03-26,2025-03-28,14,620,Confirmed
615,236,207,309,2025-04-06,2025-04-09,33,450,Confirmed
616,133,202,300,2025-03-28,2025-04-01,13,900,Cancelled
617,138,208,301,2025-03-30,2025-04-01,31,550,Cancelled
618,246,206,310,2025-05-09,2025-05-14,19,900,Confirmed
619,123,200,309,2025-04-06,2025-04-08,28,900,Cancelled
620,191,207,303,2025-06-15,2025-06-18,10,900,Confirmed
621,204,209,300,2025-02-05,2025-02-08,26,820,Pending
622,220,203,310,2025-06-07,2025-06-08,18,550,Pending
623,134,208,310,2025-04-18,2025-04-19,7,620,Cancelled
624,102,203,300,2025-03-01,2025-03-04,10,450,Confirmed
625,183,202,306,2025-03-25,2025-03-29,5,750,Cancelled
626,191,208,306,2025-06-18,2025-06-19,17,820,Confirmed
627,184,200,302,2025-02-18,2025-02-23,30,550,Confirmed
628,207,201,303,2025-06-03,2025-06-06,20,550,Cancelled
629,265,209,305,2025-01-16,2025-01-19,5,620,Cancelled
630,181,207,304,2025-05-28,2025-05-31,5,450,Cancelled
631,171,205,306,2025-05-05,2025-05-07,21,620,Cancelled
632,144,208,300,2025-06-04,2025-06-09,30,550,Pending
633,185,200,306,2025-03-06,2025-03-10,36,750,Pending
634,113,204,306,2025-05-01,2025-05-03,7,450,Cancelled
635,294,210,300,2025-04-04,2025-04-06,19,750,Confirmed
636,206,208,303,2025-05-28,2025-06-01,34,900,Pending
637,223,207,308,2025-05-03,2025-05-04,4,550,Confirmed
638,205,208,306,2025-04-09,2025-04-10,8,900,Pending
639,204,207,305,2025-04-10,2025-04-14,34,900,Confirmed
640,113,210,301,2025-02-25,2025-03-02,5,620,Confirmed
641,200,206,304,2025-05-18,2025-05-22,38,900,Confirmed
642,201,205,306,2025-03-05,2025-03-06,12,750,Confirmed
643,150,210,306,2025-02-12,2025-02-16,16,820,Pending
644,129,207,305,2025-06-06,2025-06-07,27,750,Confirmed
645,243,201,309,2025-03-01,2025-03-03,19,750,Pending
646,176,206,301,2025-06-19,2025-06-23,7,620,Pending
647,115,206,306,2025-05-04,2025-05-05,23,620,Pending
648,146,202,306,2025-01-15,2025-01-17,32,620,Confirmed
649,106,209,308,2025-06-20,2025-06-24,27,550,Cancelled
650,200,208,306,2025-03-26,2025-03-27,18,820,Confirmed
651,172,203,303,2025-04-19,2025-04-23,7,620,Confirmed
652,253,206,306,2025-06-22,2025-06-27,17,620,Cancelled
653,282,210,309,2025-04-17,2025-04-21,11,620,Confirmed
654,134,202,300,2025-06-15,2025-06-18,37,900,Cancelled
655,183,207,309,2025-03-18,2025-03-21,3,550,Pending
656,234,208,300,2025-06-27,2025-07-02,14,820,Confirmed
657,117,207,304,2025-04-23,2025-04-26,30,900,Cancelled
658,239,210,306,2025-05-23,2025-05-24,34,750,Pending
659,102,207,306,2025-06-27,2025-06-28,17,550,Confirmed
660,267,204,303,2025-05-10,2025-05-13,11,900,Cancelled
661,214,205,303,2025-03-13,2025-03-14,12,450,Cancelled
662,269,201,303,2025-05-20,2025-05-21,32,820,Cancelled
663,127,200,307,2025-01-04,2025-01-05,22,900,Cancelled
664,287,209,300,2025-01-06,2025-01-10,11,450,Cancelled
665,104,209,304,2025-05-08,2025-05-13,19,450,Confirmed
666,204,204,300,2025-06-14,2025-06-19,5,820,Confirmed
667,269,210,305,2025-05-26,2025-05-31,34,620,Pending
668,256,205,310,2025-06-22,2025-06-27,9,550,Confirmed
669,131,210,303,2025-06-28,2025-06-30,39,550,Pending
670,236,204,310,2025-02-16,2025-02-19,18,620,Cancelled
671,286,207,300,2025-03-16,2025-03-18,18,550,Pending
672,258,201,308,2025-03-21,2025-03-25,33,900,Cancelled
673,190,209,310,2025-04-15,2025-04-19,32,550,Cancelled
674,295,210,301,2025-05-26,2025-05-29,15,750,Confirmed
675,227,201,301,2025-06-05,2025-06-07,17,620,Pending
676,151,207,310,2025-03-14,2025-03-16,31,450,Pending
677,174,209,303,2025-05-28,2025-06-02,10,550,Pending
678,146,204,301,2025-06-12,2025-06-17,3,450,Cancelled
679,273,206,308,2025-03-07,2025-03-11,19,620,Pending
680,271,208,305,2025-04-02,2025-04-03,20,550,Pending
681,186,207,306,2025-06-09,2025-06-11,30,550,Confirmed
682,121,207,307,2025-01-08,2025-01-10,36,550,Confirmed
683,288,207,304,2025-05-30,2025-05-31,38,550,Pending
684,122,209,309,2025-06-09,2025-06-14,11,900,Pending
685,270,206,300,2025-02-11,2025-02-15,34,750,Confirmed
686,233,206,301,2025-03-07,2025-03-10,9,900,Pending
687,237,201,301,2025-02-27,2025-03-04,11,820,Confirmed
688,134,202,306,2025-05-27,2025-05-28,1,900,Pending
689,154,200,301,2025-05-04,2025-05-09,32,820,Cancelled
690,147,204,302,2025-01-18,2025-01-21,11,620,Confirmed
691,298,202,304,2025-06-09,2025-06-11,28,900,Confirmed
692,295,203,306,2025-03-10,2025-03-13,3,750,Confirmed
693,172,203,300,2025-01-25,2025-01-28,16,820,Confirmed
694,192,209,308,2025-02-05,2025-02-08,10,750,Pending
695,138,207,303,2025-05-21,2025-05-24,26,820,Cancelled
696,176,207,303,2025-05-11,2025-05-14,1,620,Cancelled
697,117,200,309,2025-02-04,2025-02-08,10,620,Cancelled
698,138,206,303,2025-03-08,2025-03-10,8,620,Cancelled
699,103,210,303,2025-01-08,2025-01-10,24,900,Cancelled
700,268,203,305,2025-03-06,2025-03-07,31,550,Pending
701,286,205,301,2025-04-03,2025-04-04,37,750,Cancelled
702,241,202,300,2025-06-20,2025-06-21,1,900,Confirmed
703,119,204,302,2025-04-05,2025-04-10,32,900,Confirmed
704,258,207,301,2025-05-05,2025-05-09,33,450,Pending
705,178,200,304,2025-02-11,2025-02-15,20,620,Pending
706,264,204,303,2025-03-13,2025-03-17,5,900,Cancelled
707,252,203,301,2025-05-12,2025-05-14,28,620,Confirmed
708,186,204,310,2025-01-17,2025-01-20,16,750,Cancelled
709,198,209,310,2025-02-12,2025-02-15,25,550,Confirmed
710,104,208,304,2025-04-01,2025-04-06,14,450,Confirmed
711,114,210,307,2025-04-23,2025-04-25,7,550,Confirmed
712,205,205,309,2025-06-05,2025-06-09,23,820,Confirmed
713,255,207,300,2025-05-31,2025-06-02,23,900,Pending
714,199,201,303,2025-06-11,2025-06-12,21,750,Confirmed
715,227,201,305,2025-04-15,2025-04-20,28,450,Confirmed
716,165,201,307,2025-02-22,2025-02-26,8,550,Pending
717,275,209,309,2025-03-31,2025-04-05,4,550,Confirmed
718,241,210,309,2025-03-21,2025-03-24,16,620,Confirmed
719,256,207,306,2025-03-06,2025-03-07,4,750,Confirmed
720,264,200,301,2025-05-29,2025-05-31,5,620,Confirmed
721,121,202,303,2025-05-14,2025-05-19,16,900,Confirmed
722,192,208,306,2025-02-05,2025-02-08,10,900,Pending
723,256,202,310,2025-04-19,2025-04-20,12,750,Pending
724,198,207,301,2025-04-11,2025-04-16,15,900,Cancelled
725,103,202,305,2025-04-07,2025-04-10,18,820,Pending
726,238,204,309,2025-06-09,2025-06-14,9,620,Cancelled
727,112,200,302,2025-01-18,2025-01-23,18,550,Pending
728,171,206,300,2025-01-29,2025-02-03,40,550,Pending
729,235,205,307,2025-03-17,2025-03-20,20,750,Cancelled
730,104,209,303,2025-05-06,2025-05-08,8,550,Confirmed
731,285,207,304,2025-03-07,2025-03-09,40,820,Pending
732,218,210,305,2025-02-17,2025-02-18,17,750,Cancelled
733,261,208,309,2025-05-30,2025-06-03,34,900,Cancelled
734,234,201,310,2025-03-22,2025-03-27,32,750,Confirmed
735,225,202,308,2025-01-18,2025-01-19,15,750,Pending
736,159,207,302,2025-06-01,2025-06-04,32,900,Confirmed
737,201,201,307,2025-04-20,2025-04-24,20,550,Pending
738,241,200,310,2025-06-06,2025-06-09,4,900,Confirmed
739,120,203,310,2025-03-12,2025-03-17,5,750,Confirmed
740,123,205,302,2025-03-03,2025-03-05,37,750,Cancelled
741,276,202,301,2025-02-17,2025-02-20,9,450,Pending
742,289,208,308,2025-04-27,2025-04-29,39,620,Cancelled
743,145,204,301,2025-05-24,2025-05-28,19,750,Confirmed
744,233,210,301,2025-02-01,2025-02-05,36,900,Pending
745,283,210,307,2025-01-05,2025-01-07,34,450,Confirmed
746,244,208,302,2025-02-12,2025-02-13,17,820,Pending
747,170,209,301,2025-06-04,2025-06-09,4,450,Cancelled
748,260,209,305,2025-02-09,2025-02-12,13,750,Confirmed
749,141,206,304,2025-02-27,2025-03-02,33,900,Pending
750,184,209,305,2025-01-05,2025-01-07,22,900,Cancelled
751,118,209,300,2025-04-30,2025-05-05,9,900,Pending
752,123,208,300,2025-01-06,2025-01-08,18,820,Cancelled
753,252,204,308,2025-04-29,2025-05-04,10,550,Cancelled
754,139,203,301,2025-04-12,2025-04-16,25,750,Pending
755,174,202,302,2025-04-13,2025-04-18,3,620,Confirmed
756,211,207,303,2025-03-26,2025-03-28,17,450,Confirmed
757,230,210,309,2025-03-25,2025-03-30,10,620,Confirmed
758,289,204,306,2025-02-22,2025-02-25,25,820,Cancelled
759,181,209,307,2025-04-08,2025-04-13,32,450,Cancelled
760,170,205,309,2025-04-10,2025-04-11,32,820,Pending
761,271,208,302,2025-01-30,2025-02-01,16,550,Pending
762,229,205,301,2025-03-14,2025-03-19,25,450,Confirmed
763,223,203,304,2025-04-19,2025-04-22,4,620,Pending
764,114,202,303,2025-06-05,2025-06-10,16,820,Confirmed
765,128,207,304,2025-01-27,2025-01-30,40,450,Confirmed
766,158,209,303,2025-04-29,2025-05-04,6,550,Pending
767,285,206,310,2025-03-20,2025-03-24,22,620,Cancelled
768,163,209,304,2025-04-27,2025-04-29,21,900,Cancelled
769,162,207,309,2025-03-20,2025-03-21,34,900,Confirmed
770,108,205,302,2025-06-16,2025-06-17,26,900,Cancelled
771,185,204,305,2025-01-04,2025-01-08,31,820,Pending
772,281,206,301,2025-02-03,2025-02-07,3,820,Pending
773,257,206,307,2025-05-02,2025-05-04,9,450,Pending
774,122,208,306,2025-02-10,2025-02-11,26,900,Confirmed
775,190,207,303,2025-02-27,2025-03-01,15,820,Cancelled
776,282,210,302,2025-02-14,2025-02-19,7,820,Pending
777,199,203,308,2025-04-01,2025-04-02,36,900,Cancelled
778,296,205,309,2025-02-19,2025-02-24,37,620,Cancelled
779,258,210,303,2025-04-03,2025-04-08,37,620,Confirmed
780,293,200,308,2025-02-23,2025-02-25,23,550,Cancelled
781,245,206,305,2025-06-08,2025-06-13,31,620,Confirmed
782,188,202,301,2025-06-11,2025-06-13,36,820,Pending
783,250,201,306,2025-02-10,2025-02-15,36,750,Confirmed
784,223,200,309,2025-01-24,2025-01-29,2,750,Pending
785,252,203,306,2025-05-27,2025-05-31,22,820,Cancelled
786,276,209,304,2025-03-04,2025-03-08,19,450,Confirmed
787,290,200,305,2025-01-07,2025-01-11,35,620,Confirmed
788,120,202,310,2025-05-22,2025-05-24,24,620,Confirmed
789,277,206,303,2025-04-22,2025-04-23,19,550,Cancelled
790,157,200,305,2025-01-13,2025-01-17,9,820,Pending
791,217,209,310,2025-04-05,2025-04-10,1,820,Cancelled
792,229,208,300,2025-03-02,2025-03-07,28,450,Confirmed
793,245,203,300,2025-06-07,2025-06-08,3,450,Cancelled
794,153,203,310,2025-02-09,2025-02-10,6,750,Confirmed
795,183,210,308,2025-03-04,2025-03-08,38,820,Pending
796,173,208,310,2025-05-09,2025-05-13,5,620,Pending
797,169,203,310,2025-05-17,2025-05-20,22,820,Pending
798,143,208,301,2025-03-30,2025-04-04,25,620,Cancelled
799,103,209,300,2025-04-30,2025-05-02,37,550,Cancelled
800,163,201,302,2025-01-02,2025-01-07,39,450,Confirmed
801,227,206,310,2025-01-24,2025-01-25,6,450,Cancelled
802,115,208,303,2025-06-19,2025-06-22,23,750,Confirmed
803,166,203,306,2025-01-07,2025-01-08,8,450,Confirmed
804,193,207,307,2025-06-20,2025-06-23,30,900,Pending
805,105,205,305,2025-04-05,2025-04-07,3,750,Pending
806,264,207,310,2025-03-22,2025-03-25,18,620,Cancelled
807,288,202,304,2025-05-22,2025-05-27,38,900,Cancelled
808,261,202,309,2025-02-22,2025-02-23,37,820,Cancelled
809,182,200,306,2025-01-21,2025-01-26,13,550,Pending
810,188,207,302,2025-05-03,2025-05-06,26,450,Cancelled
811,202,204,304,2025-03-10,2025-03-11,36,550,Confirmed
812,124,200,306,2025-05-18,2025-05-21,37,900,Pending
813,286,200,308,2025-03-18,2025-03-19,5,900,Confirmed
814,284,210,305,2025-01-17,2025-01-19,21,900,Pending
815,166,205,310,2025-02-27,2025-03-01,15,450,Confirmed
816,187,203,303,2025-02-26,2025-03-03,18,620,Pending
817,163,209,303,2025-04-13,2025-04-14,28,620,Confirmed
818,290,205,309,2025-04-09,2025-04-13,2,450,Pending
819,281,202,302,2025-06-10,2025-06-14,1,450,Pending
820,283,209,300,2025-04-10,2025-04-11,37,750,Pending
821,115,200,300,2025-03-26,2025-03-28,2,620,Confirmed
822,269,201,308,2025-05-01,2025-05-06,25,900,Pending
823,137,201,310,2025-06-12,2025-06-13,9,550,Cancelled
824,291,201,309,2025-06-29,2025-07-02,10,750,Cancelled
825,280,209,310,2025-04-19,2025-04-24,22,750,Cancelled
826,296,205,308,2025-04-15,2025-04-18,12,750,Pending
827,103,207,305,2025-01-17,2025-01-19,9,750,Cancelled
828,160,201,303,2025-01-18,2025-01-19,29,820,Cancelled
829,175,208,304,2025-02-22,2025-02-24,23,900,Confirmed
830,107,201,309,2025-05-25,2025-05-27,33,620,Cancelled
831,222,205,309,2025-03-22,2025-03-23,22,820,Confirmed
832,207,207,306,2025-04-20,2025-04-25,19,900,Confirmed
833,280,208,301,2025-01-03,2025-01-08,29,550,Confirmed
834,113,204,301,2025-02-25,2025-02-26,21,750,Cancelled
835,260,204,306,2025-04-02,2025-04-03,18,550,Confirmed
836,193,208,306,2025-06-23,2025-06-24,2,620,Pending
837,259,203,305,2025-04-26,2025-04-30,18,820,Cancelled
838,230,210,310,2025-01-23,2025-01-26,18,620,Cancelled
839,257,210,302,2025-05-24,2025-05-25,14,750,Confirmed
840,278,204,304,2025-02-28,2025-03-05,16,450,Cancelled
841,186,201,304,2025-04-03,2025-04-06,8,750,Pending
842,259,209,306,2025-02-20,2025-02-22,33,620,Cancelled
843,102,206,309,2025-06-11,2025-06-13,18,820,Confirmed
844,241,201,306,2025-02-22,2025-02-23,31,820,Cancelled
845,128,206,306,2025-05-30,2025-06-01,8,820,Cancelled
846,183,204,301,2025-06-20,2025-06-23,3,820,Pending
847,143,209,308,2025-06-16,2025-06-19,21,550,Confirmed
848,178,208,300,2025-04-16,2025-04-20,5,900,Cancelled
849,212,202,310,2025-06-27,2025-07-02,2,450,Pending
850,167,208,303,2025-05-12,2025-05-15,9,550,Cancelled
851,128,207,309,2025-02-21,2025-02-22,23,550,Cancelled
852,108,204,308,2025-02-06,2025-02-09,36,450,Cancelled
853,268,200,306,2025-06-28,2025-06-30,9,820,Confirmed
854,276,206,303,2025-01-22,2025-01-27,22,750,Confirmed
855,115,200,301,2025-04-27,2025-04-28,20,620,Confirmed
856,125,203,302,2025-06-08,2025-06-09,1,550,Pending
857,102,205,306,2025-01-17,2025-01-19,23,820,Cancelled
858,243,209,305,2025-05-16,2025-05-18,5,450,Cancelled
859,284,200,306,2025-05-29,2025-05-31,28,620,Pending
860,299,202,309,2025-02-18,2025-02-22,14,450,Pending
861,248,203,307,2025-06-26,2025-06-28,14,900,Pending
862,277,209,310,2025-02-10,2025-02-13,6,450,Cancelled
863,176,209,309,2025-05-13,2025-05-15,33,450,Confirmed
864,162,208,308,2025-06-14,2025-06-16,15,550,Pending
865,283,201,305,2025-06-15,2025-06-20,4,450,Pending
866,131,202,308,2025-03-02,2025-03-07,21,620,Cancelled
867,121,205,302,2025-02-26,2025-03-02,6,750,Confirmed
868,129,209,304,2025-05-03,2025-05-05,26,550,Cancelled
869,198,203,308,2025-05-08,2025-05-11,1,750,Pending
870,129,209,301,2025-05-03,2025-05-05,32,750,Pending
871,226,204,302,2025-01-18,2025-01-20,24,620,Pending
872,138,205,307,2025-02-08,2025-02-13,6,620,Confirmed
873,290,209,300,2025-01-19,2025-01-23,24,450,Pending
874,148,201,302,2025-04-29,2025-05-01,17,900,Cancelled
875,275,202,310,2025-06-23,2025-06-28,33,820,Cancelled
876,155,202,306,2025-03-28,2025-04-01,30,620,Cancelled
877,238,206,305,2025-04-28,2025-05-01,16,750,Cancelled
878,174,200,307,2025-04-23,2025-04-28,39,750,Cancelled
879,288,206,306,2025-01-15,2025-01-18,30,550,Cancelled
880,102,203,301,2025-04-13,2025-04-15,19,750,Cancelled
881,275,207,305,2025-03-08,2025-03-13,10,750,Pending
882,140,207,308,2025-02-20,2025-02-22,28,550,Confirmed
883,195,205,306,2025-01-10,2025-01-15,37,820,Confirmed
884,131,200,300,2025-01-01,2025-01-05,36,620,Pending
885,208,205,300,2025-01-30,2025-02-04,9,550,Confirmed
886,194,210,300,2025-04-11,2025-04-12,30,900,Pending
887,184,209,304,2025-01-07,2025-01-12,30,900,Confirmed
888,241,205,307,2025-02-13,2025-02-18,25,820,Cancelled
889,205,203,310,2025-06-18,2025-06-19,31,550,Cancelled
890,113,206,308,2025-04-15,2025-04-19,26,820,Pending
891,220,202,302,2025-01-02,2025-01-06,31,450,Pending
892,172,205,310,2025-02-20,2025-02-22,17,550,Pending
893,135,209,301,2025-06-18,2025-06-19,27,550,Pending
894,146,205,307,2025-03-12,2025-03-15,33,620,Pending
895,294,207,305,2025-06-18,2025-06-22,2,620,Cancelled
896,145,201,304,2025-04-18,2025-04-20,33,750,Pending
897,206,200,301,2025-04-02,2025-04-05,8,750,Pending
898,109,201,308,2025-01-22,2025-01-27,15,550,Pending
899,149,202,308,2025-01-23,2025-01-26,35,820,Pending
900,195,203,303,2025-06-15,2025-06-17,16,450,Cancelled
901,257,206,305,2025-03-10,2025-03-13,21,550,Cancelled
902,194,203,309,2025-03-22,2025-03-26,36,900,Confirmed
903,273,207,301,2025-03-30,2025-04-04,7,550,Confirmed
904,219,206,301,2025-03-04,2025-03-05,31,900,Confirmed
905,262,200,309,2025-02-09,2025-02-11,13,750,Pending
906,152,210,307,2025-03-18,2025-03-19,18,750,Cancelled
907,149,210,305,2025-02-27,2025-02-28,5,550,Confirmed
908,122,204,307,2025-06-30,2025-07-05,30,550,Confirmed
909,275,205,300,2025-06-05,2025-06-06,36,450,Pending
910,165,200,304,2025-05-31,2025-06-01,24,550,Confirmed
911,144,206,300,2025-02-12,2025-02-16,40,620,Confirmed
912,289,208,304,2025-03-21,2025-03-25,31,620,Pending
913,215,208,306,2025-02-02,2025-02-07,21,450,Cancelled
914,196,208,300,2025-05-20,2025-05-25,27,620,Cancelled
915,166,208,303,2025-04-29,2025-05-04,38,900,Confirmed
916,233,207,302,2025-06-29,2025-07-01,37,820,Cancelled
917,136,201,303,2025-03-15,2025-03-17,1,750,Pending
918,153,210,310,2025-01-26,2025-01-27,4,550,Pending
919,166,200,303,2025-01-16,2025-01-21,30,820,Confirmed
920,168,207,304,2025-02-27,2025-03-03,38,550,Cancelled
921,116,209,305,2025-05-27,2025-05-29,17,620,Confirmed
922,205,208,305,2025-02-02,2025-02-04,9,820,Confirmed
923,150,210,309,2025-02-21,2025-02-25,5,620,Confirmed
924,181,209,310,2025-04-24,2025-04-27,22,820,Confirmed
925,218,210,304,2025-06-06,2025-06-08,8,550,Confirmed
926,154,204,304,2025-06-13,2025-06-16,28,900,Confirmed
927,117,206,308,2025-01-05,2025-01-10,3,620,Pending
928,246,206,309,2025-05-03,2025-05-07,9,620,Confirmed
929,113,202,307,2025-02-23,2025-02-28,35,900,Cancelled
930,272,210,306,2025-03-01,2025-03-06,23,750,Cancelled
931,127,208,303,2025-01-25,2025-01-27,19,550,Pending
932,210,200,306,2025-01-20,2025-01-23,3,550,Confirmed
933,300,201,308,2025-02-10,2025-02-14,21,900,Cancelled
934,120,210,300,2025-05-16,2025-05-20,19,550,Cancelled
935,120,203,309,2025-01-27,2025-01-28,4,820,Confirmed
936,196,205,302,2025-04-19,2025-04-24,6,550,Pending
937,123,206,305,2025-05-22,2025-05-23,38,550,Confirmed
938,110,202,307,2025-06-11,2025-06-13,7,900,Cancelled
939,210,210,304,2025-05-02,2025-05-06,15,450,Pending
940,256,204,304,2025-03-20,2025-03-23,36,820,Pending
941,192,203,301,2025-02-18,2025-02-22,16,820,Cancelled
942,192,210,304,2025-02-13,2025-02-15,21,450,Cancelled
943,192,201,302,2025-02-24,2025-02-25,27,550,Confirmed
944,259,205,307,2025-05-31,2025-06-04,24,450,Pending
945,286,202,301,2025-03-28,2025-03-30,29,450,Cancelled
946,151,200,307,2025-05-08,2025-05-13,18,550,Confirmed
947,108,202,300,2025-04-14,2025-04-16,11,550,Cancelled
948,213,209,308,2025-01-20,2025-01-22,31,820,Pending
949,228,200,300,2025-06-13,2025-06-17,16,620,Cancelled
950,219,200,301,2025-03-27,2025-03-31,24,450,Cancelled
951,133,200,304,2025-01-25,2025-01-28,7,750,Pending
952,222,202,303,2025-06-05,2025-06-06,40,820,Confirmed
953,278,200,300,2025-03-07,2025-03-12,7,450,Confirmed
954,157,204,307,2025-02-10,2025-02-12,23,820,Pending
955,209,207,308,2025-03-31,2025-04-02,1,450,Confirmed
956,282,200,302,2025-01-18,2025-01-20,7,900,Pending
957,267,209,308,2025-03-25,2025-03-30,24,900,Cancelled
958,110,203,307,2025-05-01,2025-05-06,21,900,Pending
959,232,210,310,2025-06-16,2025-06-20,8,550,Confirmed
960,202,210,307,2025-03-29,2025-04-03,4,450,Cancelled
961,269,204,304,2025-01-11,2025-01-13,13,450,Pending
962,200,203,303,2025-01-03,2025-01-06,16,820,Confirmed
963,226,210,306,2025-03-27,2025-03-31,24,450,Confirmed
964,205,205,303,2025-06-29,2025-07-04,28,620,Cancelled
965,213,210,305,2025-06-22,2025-06-26,6,820,Confirmed
966,245,209,308,2025-01-08,2025-01-09,31,620,Cancelled
967,201,210,307,2025-01-12,2025-01-15,2,450,Pending
968,260,209,305,2025-03-10,2025-03-15,19,820,Confirmed
969,261,207,300,2025-04-01,2025-04-03,25,900,Cancelled
970,251,203,309,2025-03-17,2025-03-20,39,450,Confirmed
971,200,210,306,2025-02-14,2025-02-15,35,820,Pending
972,209,202,305,2025-02-27,2025-03-04,20,550,Confirmed
973,187,203,307,2025-02-10,2025-02-11,6,620,Confirmed
974,272,205,308,2025-05-24,2025-05-29,8,550,Pending
975,127,202,304,2025-05-04,2025-05-06,9,450,Confirmed
976,291,200,303,2025-01-10,2025-01-15,29,450,Pending
977,173,202,309,2025-02-17,2025-02-21,15,750,Confirmed
978,133,206,301,2025-06-15,2025-06-20,29,750,Pending
979,208,204,308,2025-03-10,2025-03-13,26,620,Cancelled
980,177,204,310,2025-04-12,2025-04-15,37,820,Pending
981,188,208,306,2025-04-06,2025-04-09,29,750,Confirmed
982,185,207,304,2025-01-12,2025-01-16,16,820,Cancelled
983,288,206,300,2025-04-18,2025-04-23,32,620,Confirmed
984,235,203,303,2025-01-26,2025-01-30,15,900,Cancelled
985,253,206,302,2025-04-21,2025-04-25,16,820,Pending
986,300,203,309,2025-03-17,2025-03-18,14,820,Cancelled
987,193,207,303,2025-05-02,2025-05-05,40,620,Cancelled
988,166,205,309,2025-04-23,2025-04-28,2,900,Cancelled
989,274,201,307,2025-02-05,2025-02-10,19,450,Cancelled
990,232,209,308,2025-05-18,2025-05-21,26,750,Cancelled
991,210,206,310,2025-03-30,2025-04-01,1,550,Confirmed
992,267,210,302,2025-02-22,2025-02-25,2,450,Confirmed
993,102,204,307,2025-03-17,2025-03-20,6,820,Pending
994,170,210,307,2025-05-10,2025-05-11,17,750,Pending
995,141,206,310,2025-03-15,2025-03-16,10,620,Pending
996,157,207,309,2025-04-10,2025-04-14,36,450,Pending
997,291,208,302,2025-01-03,2025-01-07,37,750,Cancelled
998,279,205,307,2025-06-24,2025-06-28,6,450,Confirmed
999,233,201,306,2025-01-10,2025-01-14,28,450,Pending
1000,108,204,306,2025-03-07,2025-03-08,20,750,Pending
